{
  "project_info": {
    "project_number": "473854277139",
    "project_id": "buysmartfinal",
    "storage_bucket": "buysmartfinal.appspot.com"
  },
  "client": [
    {
      "client_info": {
        "mobilesdk_app_id": "1:473854277139:android:a7f7539c05ec6591b831e6",
        "android_client_info": {
          "package_name": "userapp.albuysmart.com"
        }
      },
      "oauth_client": [
        {
          "client_id": "473854277139-2gunmj6nf29g4iobb26q43vhlesur5ka.apps.googleusercontent.com",
          "client_type": 3
        }
      ],
      "api_key": [
        {
          "current_key": "AIzaSyCvyvQsVggCaOuyVad9koB7pxra9OBHYlQ"
        }
      ],
      "services": {
        "appinvite_service": {
          "other_platform_oauth_client": [
            {
              "client_id": "473854277139-2gunmj6nf29g4iobb26q43vhlesur5ka.apps.googleusercontent.com",
              "client_type": 3
            }
          ]
        }
      }
    }
  ],
  "configuration_version": "1"
}